<?xml version="1.0" encoding="UTF-8" standalone="yes"?>
<t24help>
    <header>
    <product>EB</product>
        <table>CAMB.CHQ.PRINT.REF</table>
    </header>
    <overview>
        <ovdesc>
            <p>This is a system update file which is updated during ISSUE ORDER activity (For automatic Settlement) and during Payment order creation for adhoc Settlement

Cheque transaction is validated against the Payment order product with EB Lookup virtul table CHQ.PO.PRODUCT

Once the cheque XML is generated, records are deleted from this table.
</p>
        </ovdesc>
    </overview>
    <menu>
        <t>
            <field>ID</field>
            <desc>
                <p>ID will be the Payment order ID for which the payment is generated
Valid record of PAYMENT.ORDER</p>
            </desc>
        </t>
        <t>
            <field>ARRANGEMENT</field>
            <desc>
                <p>Field is used to store the Arrangement ID for which payment order is generated.
Validation : record from AA.ARRANGEMENT</p>
            </desc>
        </t>
        <t>
            <field>ACTIVITY</field>
            <desc>
                <p>Field is used to store the incoming activity for which the payment order is generated.
Validation : record from AA.ACTIVITY
Multi Value field.
Not in use.</p>
            </desc>
        </t>
        <t>
            <field>CONSOL.PO</field>
            <desc>
                <p>Field is used to store the all the payment order of an arrangement generated, in case of multiple payment types.
In case of Multiple payment types, the first payment order ID will be considered as record ID of this table.
Validation : record from PAYMENT.ORDER
Multi value field.</p>
            </desc>
        </t>
    </menu>
</t24help>
