<?xml version="1.0" encoding="UTF-8" standalone="yes"?>
<t24help>
    <header>
    <product>EB</product>
        <table>CHQ.PAYMENT.PARAMETER</table>
    </header>
    <overview>
        <ovdesc>
            <p>This table is used to parameterize the below details:</p>
			<p>Whether Cheque number to be part of xml.</p>
			<p>Whether Cheque register supplement to be updated or not.</p>
			<p>For nominee based deposits, single or consolidated cheque to be generated.</p>
			<p>Whether Nominee address or client address to be specified or both addresses to be present in the file.</p>
        </ovdesc>
    </overview>
    <menu>
        <t>
            <field>ID</field>
            <desc>
                <p>The @ID of this table is a valid COMPANY record.</p>
            </desc>
        </t>
        <t>
            <field>GEN.CHQ.NUMBER</field>
            <desc>
                <p>This field is used to define whether CHEQUE.NUMBER to be defaulted automatically in the xml file or not.</p>
				<p>Yes/No type field.</p>
				<p>Yes – Cheque number will default in the xml.</p>
				<p>No – Cheque number will not default in the xml.</p>
				<p>Validations – Applicable only for the office cheques issued via Payment order.</p>
            </desc>
        </t>
        <t>
            <field>NOM.CONSOLIDATED.CHQ</field>
            <desc>
                <p>This field will decide whether maturity payments of nominee will be grouped together and paid as one cheque or individual cheques for each term will be issued.</p>
				<p>Allowed values are:</p>
				<p>None/Single – Payment will be paid as an individual cheque.</p>
				<p>Consolidate – Payment will be paid by consolidating the total amount and paid as a single cheque.</p>
            </desc>
        </t>
        <t>
            <field>ADDRESS.OPTION</field>
            <desc>
                <p>This field will decide whether cheque xml should be produced only with client address or only with Nominee address or it should have both the details.</p>
				<p>If consolidate option is selected in NOM.CONSOLIDATED.CHQ field then Nominee address will be printed.</p>
				<p>Note: If PO BENEFICIARY has an address then it will be used for xml instead of taking it from CIF. It will be either mapped to client address tags.</p>
            </desc>
        </t>
		<t>
            <field>PO.PRODUCT</field>
            <desc>
                <p>This field will hold the PO product for which the stock series and stock register are linked.</p>
				<p>Valid record from PAYMENT.ORDER.PRODUCT table.</p>
				<p>Multivalue start</p>
            </desc>
        </t>
		<t>
            <field>STOCK.SERIES.ID</field>
            <desc>
                <p>Valid stock series ID to be entered and this will be used to identify the stock series for which the office cheque xml extract to be generated.</p>
				<p>E.g. CHQ*CC*</p>
				<p>Associated field with PO.PRODUCT</p>
			</desc>
        </t>
		<t>
            <field>STOCK.REGISTER</field>
            <desc>
                <p>Valid stock register @ID to be entered and this will be used to identify the stock register record for which the office cheque xml extract to be generated.</p>
				<p>Valid record from STOCK.REGISTER table.</p>
				<p>Associated field with PO.PRODUCT</p>
			</desc>
        </t>
		<t>
            <field>PRINT.SIGNATURE</field>
            <desc>
                <p>This field will decide whether Signature is required for this particular PO.PRODUCT.</p>
				<p>Allowed values are:</p>
				<p>Yes – PO xml will be updated with signature tag.</p>
				<p>No – Po xml will not be updated with signature tag.</p>
				<p>End of Multi value</p>
			</desc>
        </t>
		<t>
            <field>MIN.STOCK.QTY</field>
            <desc>
                <p>This field is used to define the minimum quantity. Based on which the reorder will be placed.
Allowed up to 99 numeric.</p>
			</desc>
        </t>
		<t>
            <field>REORDER.QTY</field>
            <desc>
                <p>This field will hold the quantity to be reordered when the Stock gets lower than the minimum quantity.
Allowed up to 99 numeric</p>
			</desc>
        </t>
		<t>
            <field>UNCLAIM.DAYS</field>
            <desc>
                <p>This field will hold the number of days after which the status of the cheque to be changed to Unpaid.
Multivalue field</p>
			</desc>
        </t>
		<t>
            <field>UNCLAIM.STATUS</field>
            <desc>
                <p>This field will hold the status of cheques (User defined). This field will be used to specify the status upon which the funds have to be moved to UNCLAIM.GL.ACCT.
Valid record from EB.LOOKUP>CHQ.STATUS
E.g. Unpaid, Remittance to Boc
Associated field to UNCLAIM.DAYS</p>
			</desc>
        </t>
		<t>
            <field>UNCLAIM.GL.CCY</field>
            <desc>
                <p>This field will hold the GL account currency in which the funds will be transferred after number of days mentioned in the UNCLAIM.STATUS.DAYS
Valid record from Currency table.
Associated field to UNCLAIM.DAYS</p>
			</desc>
        </t>
		<t>
            <field>UNPAID.GL.ACCT</field>
            <desc>
                <p>This field will hold the GL account in which the funds will be transferred after number of days mentioned in the UNCLAIM.DAYS.
Valid record form ACCOUNT table.
Associated field to UNCLAIM.DAYS</p>
			</desc>
        </t>
		<t>
            <field>MOVE.FUNDS</field>
            <desc>
                <p>This field will decide whether the funds should be moved when the status is changed in CRS.
Allowed values are:
Yes – Funds will be moved when CRS status changes.
No – Funds will not be moved when the CRS status changes.</p>
			</desc>
        </t>
		<t>
            <field>FT.TXN.TYPE</field>
            <desc>
                <p>This field will hold the valid transaction code to be used for transferring the unpaid funds.
Must be valid record from FT.TXN.TYPE.CONDITION table.</p>
			</desc>
        </t>
		<t>
            <field>UNCLAIM.FT.VERSION</field>
            <desc>
                <p>This field will be used to specify the FT version using which the funds will be moved after the cheque issued is not presented after X days.
Valid record from VERSION table.
E.g. FUNDS.TRANSFER,AC</p>
			</desc>
        </t>
		<t>
            <field>OC.THRESHOLD.AMT</field>
            <desc>
                <p>This field is used to define the maximum threshold amount for which the office cheque can be issued.
Validation:
Valid amount to be defined here. If the value in the field exceeds an override message will be triggered.</p>
			</desc>
        </t>
		<t>
            <field>MICR.CCY.CODE</field>
            <desc>
                <p>This field will hold the currency for the corresponding MICR code.
Valid record from CURRENCY table.</p>
			</desc>
        </t>
		<t>
            <field>MICR.CODE</field>
            <desc>
                <p>This field will carry the actual MICR code for the currency code mentioned above.</p>
			</desc>
        </t>
		<t>
            <field>CHQ.PRINT.PATH</field>
            <desc>
                <p>This filed will be used to store the batch printing path in which the xml file will be stored.
Valid path to be defined here.
E.g. .\bnk.interface\REPRINT.CHQ</p>
			</desc>
        </t>
		<t>
            <field>UNCLAIM.XML.STATUS</field>
            <desc>
                <p>This field will carry the status for which the xml file will be produced every year on a specific date. This xml will be used to report the unclaimed funds remitted to BOC.
Valid record from EB.LOOKUP > CHQ.STATUS
E.g Remittance to BOC</p>
			</desc>
        </t>
		<t>
            <field>UNCLAIM.XML.PATH</field>
            <desc>
                <p>This field will carry the path in which the unclaimed xml will be stored.
Valid path to be defined here.
E.g. .\bnk.interface\PRINT.CHQ</p>
			</desc>
        </t>
		<t>
            <field>NOM.DEMAND.PROD</field>
            <desc>
                <p>This field will carry the demand account product in which the nominee account exist. If multiple product exist then the order in which the product is parameterized will be the order in which the system will take the precedence.
Valid record from AA.PRODUCT table.
Multivalue field.</p>
			</desc>
        </t>
		<t>
            <field>OFS.SOURCE</field>
            <desc>
                <p>OFS source record used for all the cheque related OFS postings.
				Valid record from OFS.SOURCE table.</p>
			</desc>
        </t>
		<t>
            <field>CHQ.XML.MAPPING</field>
            <desc>
                <p>DFE Mapping used for producing the cheque XML extract.
				Valid record from DFE.PARAMETER table.</p>
			</desc>
        </t>
		<t>
            <field>STOCK.ENTRY.VERSION</field>
            <desc>
                <p>This field used to specify the version used for posting the STOCK.ENTRY whenever the stock mentioned in this table goes below the minimum stock quantity.
				Valid record from VERSION table.</p>
			</desc>
        </t>
		<t>
            <field>PO.VERSION</field>
            <desc>
                <p>This field used to specify the version used for posting PO for the nominee cheque payments.
				Valid record from VERSION table.</p>
			</desc>
        </t>
		<t>
            <field>CRS.VERSION</field>
            <desc>
                <p>This field used to specify the version used for posting CRS for the new local status updates 
				Valid record from VERSION table.</p>
			</desc>
        </t>
		<t>
            <field>NOMINEE.PO.PRODUCT</field>
            <desc>
                <p>This field used to specify the PO product used for posting office cheque transaction using PO 
				Valid record from PAYMENT.ORER.PRODUCT table.</p>
			</desc>
        </t>	
        <t>
            <field></field>INTER.ACCT.CATEGORY
            <desc>
                <p>This field used to specify the Internal Account Category
                Based on which the internal account will be created for the Nominee
                The transactions from the Deposit will be posted on the Internal account</p>
            </desc>
        </t>    	
    </menu>
</t24help>
