<?xml version="1.0" encoding="UTF-8" standalone="yes"?>
<t24help>
    <header>
    <product>EB</product>
        <table>CHQ.NOMINEE.CUMUL</table>
    </header>
    <overview>
        <ovdesc>
            <p>This table will be updated when we have a maturity payment for a nominee-based deposit and the entire PO that are generated for that agent will be mapped here. If multiple maturities are there for the same agent then fields will be multi valued and updated.</p>
        </ovdesc>
    </overview>
    <menu>
        <t>
            <field>ID</field>
            <desc>
                <p>AGENT.ID-DATE-BENEFICIARY ID This table will carry the following 3 details in the @ID Agent ID COB DATE Beneficiary ID</p>
            </desc>
        </t>
        <t>
            <field>AA.REF</field>
            <desc>
                <p>This field will carry the arrangement ID for which the PO is generated. 
				Valid record from AA.ARRANGEMENT
				Multi-value set start.</p>
            </desc>
        </t>
        <t>
            <field>PO.REF</field>
            <desc>
                <p>This field will carry the PO related to the arrangement. 
				Valid @id from PAYMENT.ORDER table.
				Multi-value set end.</p>
            </desc>
        </t>
        <t>
            <field>PO.AMOUNT</field>
            <desc>
                <p>This field will carry the maturity/interest amount related to the arrangement. 
				Valid amount to be store here.</p>
            </desc>
        </t>
		<t>
            <field>NOMINEE.ACCOUNT</field>
            <desc>
                <p>This field will carry the demand account used for psoting the consolidated payment to nominee.
				Valid entry from AA.ARRANGEMENT</p>
            </desc>
        </t>
		<t>
            <field>TOTAL.PO.AMOUNT</field>
            <desc>
                <p>This field will carry the sum of all the PO.AMOUNT filed. 
				Valid amount to be stored here.</p>
			</desc>
        </t>		
		<t>
            <field>CONSOL.PO.REF</field>
            <desc>
                <p>This field will carry the PAYMENT.ORDER reference of the consolidated payment. 
				Valid entry from PAYMENT.ORDER</p>
			</desc>
        </t>
		<t>
            <field>COSOL.FT.REF</field>
            <desc>
                <p>This field will carry the FT reference of the consolidated payment. 
				Valid entry from FUNDS.TRANSFER</p>
			</desc>
        </t>
    </menu>
</t24help>
