<?xml version="1.0" encoding="UTF-8" standalone="yes"?>
<t24help>
    <header>
    <product>EB</product>
        <table>REPRINT.CHEQUE</table>
    </header>
    <overview>
        <ovdesc>
            <p>This table is used to define the details for reprint of cheque xml.</p>
        </ovdesc>
    </overview>
    <menu>
        <t>
            <field>ID</field>
            <desc>
                <p>The Id of the table is: CRP – Constant Text YY – Year JDD – Julian Date XXXXX – Reference Ex: CRP1908400001</p>
            </desc>
        </t>
        <t>
            <field>CHQ.NUMBER</field>
            <desc>
                <p>Valid cheque number to be entered by the user</p>
            </desc>
        </t>
        <t>
            <field>ACCT.NUMBER</field>
            <desc>
                <p>Valid Account number for which the cheque is issued.
				Valid entry in ACCOUNT table.</p></p>
            </desc>
        </t>
        <t>
            <field>CHQ.TYPE</field>
            <desc>
                <p>This field can be entered by the user or defaulted at version level during UI stage. Valid record from CHEQUE.TYPE table.
				Valid entry in CHEQUE.TYPE table.</p>
            </desc>
        </t>		
    </menu>
</t24help>
